Question,GT Code,GT Objective Value,SGP Code,SGP Objective Value,SGP Interpretation
What is the current energy production for participant 1?,print(Pprod[len(Pprod)-1][0]),-26.111111111111114,print(Pprod[len(Pprod)-1][0]),Optimization problem solved. The objective value is: -26.111111111111114,
What is the current energy production for participant 4?,print(Pprod[len(Pprod)-1][3]),-26.111111111111114,print(Pprod[len(Pprod)-1][3]),Optimization problem solved. The objective value is: -26.111111111111114,
What is the energy production for participant 1 at time step 1?,print(Pprod[0][0]),-26.111111111111114,print(Pprod[0][0]),Optimization problem solved. The objective value is: -26.111111111111114,The energy production for participant 1 at time step 1 is 65 units. The profit from the energy management remains unchanged at 26.11 units.
What is the energy production for participant 1 at time step 3?,print(Pprod[2][0]),-26.111111111111114,print(Pprod[2][0]),Optimization problem solved. The objective value is: -26.111111111111114,"The energy production for participant 1 at time step 3 is 69 units. There is no change in the profit of the system which remains €26.11. This is because querying the energy production does not affect the optimization, it simply reveals information about specific production levels."
What is the energy production for participant 2 at time step 1?,print(Pprod[0][1]),-26.111111111111114,print(Pprod[0][1]),Optimization problem solved. The objective value is: -26.111111111111114,"The energy production for participant 2 at time step 1 is 45 units.

After the simulation, the community's final earnings are €26.11. An increase in the amount of energy production didn't affect the final profit. This implies that the system could fulfill the community's energy demands even before the adjustment. Therefore, the increased energy production didn't change the need for importing energy from the grid, hence the profit remains the same."
What is the energy production for participant 2 at time step 2?,print(Pprod[1][1]),-26.111111111111114,print(Pprod[1][1]),Optimization problem solved. The objective value is: -26.111111111111114,The energy production for participant 2 at timestep 2 is 40 units. The resulting objective value is a profit of 26.11.
What is the energy production for participant 3 at time step 2?,print(Pprod[1][2]),-26.111111111111114,print(Pprod[1][2]),Optimization problem solved. The objective value is: -26.111111111111114,"The energy production for participant 3 at time step 2 is 31. The optimization problem was solved again and the objective value is the same as the original one, which is a profit of 26.111111111111114 euros."
What is the energy production for participant 3 at time step 3?,print(Pprod[2][2]),-26.111111111111114,print(Pprod[2][2]),Optimization problem solved. The objective value is: -26.111111111111114,"The energy production for participant 3 at time step 3 is 31W. The optimization was successful and the profit is 26.11 euros. This result is identical to the initial one, suggesting that the energy production for participant 3 at time step 3 doesn't have an impact on the overall profit."
What is the energy production for participant 4 at time step 1?,print(Pprod[0][3]),-26.111111111111114,print(Pprod[0][3]),Optimization problem solved. The objective value is: -26.111111111111114,"The energy production for participant 4 at time step 1 is 25. The optimization problem was solved and the profit is 26.11. The result is consistent with the previous profit. Therefore, fetching the energy production for participant 4 at time step 1 did not affect the constraint conditions or the profit of the system."
What is the energy production for participant 4 at time step 2?,print(Pprod[1][3]),-26.111111111111114,print(Pprod[1][3]),Optimization problem solved. The objective value is: -26.111111111111114,"The energy production for participant 4 at timestep 2 is 26 units. The optimization problem was successfully solved, and the total profit attained by the community is €26.11. This represents the total earning the community can attain based on the current energy load, production, and consumption rates."
What is the energy production for participant 4 at time step 3?,print(Pprod[2][3]),-26.111111111111114,print(Pprod[2][3]),Optimization problem solved. The objective value is: -26.111111111111114,"The energy production for the participant 4 at the time step 3 is 26 units. 

Please note that it doesn't affect the overall profit of the community which is €26.11. This is because energy production for each participant is predefined and doesn't change according to different scenarios. This calculation has no impact on the feasibility or the bounds of the problem."
WWhat would be the profit if the production decreases by 10%?,Pprod = Pprod*(100-10)/100,-21.131111111111117,Pprod = Pprod*(100-10)/100,Optimization problem solved. The objective value is: -21.131111111111117,"By decreasing the energy production by 10%, the profit would increase slightly from about €26.11 to approximately €21.13. This implies that reducing the energy production results in a slight increase in overall profit. It's important to note that these results are specific to the parameters of this given scenario and might differ if the conditions were changed."
What would be the profit if the production decreases by 40%?,Pprod = Pprod*(100-40)/100,-6.191111111111113,Pprod = Pprod*(100-40)/100,Optimization problem solved. The objective value is: -6.191111111111113,"The profit has increased from approximately 26.11 to 6.19 after the overall production was decreased by 40%. It indicates that the community has earned more by decreasing their production, implying effective resource management.
"
What would be the profit if the production decreases by 63%?,Pprod = Pprod*(100-63)/100,6.8417555555555545,Pprod = Pprod * (1 - 0.63),Optimization problem solved. The objective value is: 6.8417555555555545,"Sure, after decreasing the production by 63%, the optimization problem was solved. Previously, the community was profiting approximately 26.11 €. But, with the decreased energy production, they have a cost of about 6.84 € instead. This means there is an increase in cost by 6.84 € due to the reduction in energy production. Therefore, decreasing the production by 63% resulted in a loss of 32.95 € for the community."
What would be the profit if the production decreases by 35%?,Pprod = Pprod*(100-35)/100,-8.681111111111111,Pprod = Pprod*(100-35)/100,Optimization problem solved. The objective value is: -8.681111111111111,"If the production decreases by 35%, the profit would be 8.68 euros. Please note that this is lower than the previous profit, which was 26.11 euros. This indicates that the decrease in production affects the ability to generate profit within the community microgrid."
What would be the profit if the production decreases by 45%?,Pprod = Pprod*(100-45)/100,-3.7011111111111097,Pprod = Pprod*(100-45)/100,Optimization problem solved. The objective value is: -3.7011111111111097,"When the production decreases by 45%, the profit of the microgrid decreases from €26.11 to €3.70. This means that the overall profitability of the community's energy trading is adversely affected by the reduction in energy production."
What would be the profit if the production decreases by 16%?,Pprod = Pprod*(100-16)/100,-18.14311111111111,Pprod = Pprod*(100-16)/100,Optimization problem solved. The objective value is: -18.14311111111111,"When the energy production decreased by 16%, the profit of the community increased from €26.11 to €18.14. This means with less energy production, the community was still able to generate more profit. This could be attributed to more efficient usage of energy or better energy trading prices. Please note: in the optimization problem we solved, a negative objective value reflects a profit. So don't be confused by the negative signs."
What would be the profit if the production decreases by 48%?,Pprod = Pprod*(100-48)/100,-2.2071111111111095,Pprod = Pprod*(100-48)/100,Optimization problem solved. The objective value is: -2.2071111111111095,"When the energy production decreases by 48%, the profit of the community decreases from 26.11 to 2.21. Thus, reducing the energy production by 48% would significantly impact the system's profitability."
What would be the profit if the production increases by 81%?,Pprod = Pprod*(100+81)/100,-66.44911111111112,Pprod = Pprod*(100+81)/100,Optimization problem solved. The objective value is: -66.44911111111112,"After increasing the production by 81%, the profit increased from €26.11 to €66.45. This is because an increase in production typically leads to an increase in the possibility of exporting more energy back to the grid, hence increasing the profit."
What would be the profit if the production increases by 1%?,Pprod = Pprod*(100+1)/100,-26.60911111111112,Pprod = Pprod*(100+1)/100,Optimization problem solved. The objective value is: -26.60911111111112,"If the production increases by 1%, the community would make a profit of 26.61 euros, which is a small increase compared to the original profit of 26.11 euros. This is expected because an increase in production would lead to more energy available for sale, thereby increasing the profit."
What would be the profit if the production increases by 10%?,Pprod = Pprod*(100+10)/100,-31.09111111111112,Pprod = Pprod*(100+10)/100,Optimization problem solved. The objective value is: -31.09111111111112,"Sure, the objective value went from -26.111111111111114 to Now it is -31.09111111111112. Since these numbers are negative, they indicate a profit rather than a cost.

The increase in energy production by 10% has resulted in an increase in profits. In specific numbers, the profit increased from 26.11 to 31.09. 

This informs us that increasing the energy production is indeed beneficial for the profit of the community in this scenario."
What would be the profit if the production increases by 98%?,Pprod = Pprod*(100+98)/100,-74.91511111111112,Pprod = Pprod*(100+98)/100,Optimization problem solved. The objective value is: -74.91511111111112,"The increase in production by 98% led to an increase in the profit. The new profit after the increase is 74.92 units, as compared to the previous profit of 26.11 units. This increase is due to the increased energy production, which leads to less energy required to import. The model remains feasible with all constraints respected."
What would be the profit if the production increases by 34%?,Pprod = Pprod*(100+34)/100,-43.043111111111116,Pprod = Pprod*(100+34)/100,Optimization problem solved. The objective value is: -43.043111111111116,"After increasing the production by 34%, the profit increased to 43.04, compared to the original profit of 26.11. This indicates an increase in profitability with higher energy production in the community."
What would be the profit if the production increases by 80%?,Pprod = Pprod*(100+80)/100,-65.95111111111112,Pprod = Pprod*(100+80)/100,Optimization problem solved. The objective value is: -65.95111111111112,"When the production increases by 80%, the profit that the community makes increases significantly. The original profit was 26.11 Euros, while the new profit, after the increase in production, has gone up to 65.95 Euros. Therefore, it shows that increasing production directly links to the increase in profit for the community."
What would be the profit if the production increases by 38%?,Pprod = Pprod*(100+38)/100,-45.03511111111112,Pprod = Pprod*(100+38)/100,Optimization problem solved. The objective value is: -45.03511111111112,"After increasing the energy production by 38%, the profit is € 45.04. 

In comparison to the original model, the profit increased from € 26.11 to € 45.04 which is due to the higher quantity of energy produced. Therefore, increasing the energy production has a positive effect on the community's profit. There were no violation of constraints and the solution is feasible and bounded within the given constraints."
What would be the profit if the production increases by 61%?,Pprod = Pprod*(100+61)/100,-56.48911111111113,"Pprod = Pprod*(100+61)/100
model.optimize()
new_obj_value = model.getObjective().getValue()
new_profit = new_obj_value + 26.111111111111114
new_profit",Optimization problem solved. The objective value is: -56.48911111111113,"Increasing the production by 61% resulted in an increase in profit. The new profit is 56.489 euros compared to the previous profit of 26.111 euros. Therefore, increasing the energy production can lead to a significant increase in profits."
What is the current energy consumption for participant 1?,print(Pcons[len(Pprod)-1][0]),-26.111111111111114,print(Pcons[len(Pcons)-1][0]),Optimization problem solved. The objective value is: -26.111111111111114,The current energy consumption for participant 1 is 25 units. The objective value of the optimization was -26.11 which indicates there's a profit of 26.11 units.
What is the current energy consumption for participant 2?,print(Pcons[len(Pprod)-1][1]),-26.111111111111114,print(Pcons[len(Pcons)-1][1]),Optimization problem solved. The objective value is: -26.111111111111114,"The current energy consumption for participant 2 is 25 Watts. This information is crucial as it allows us to understand the amount of energy a participant uses at a given time. This can help in planning and implementing energy saving measures, as well as in the efficient operation of the microgrid."
What is the energy consumption for participant 1 at time step 1?,print(Pcons[0][0]),-26.111111111111114,print(Pcons[0][0]),Optimization problem solved. The objective value is: -26.111111111111114,"The energy consumption for participant 1 at time step 1 is 10 units. The optimized profit remains the same as the original, which is 26.11 euros. As there was no change in the parameters affecting the profit, there is no impact on the optimization result."
What is the energy consumption for participant 1 at time step 2?,print(Pcons[1][0]),-26.111111111111114,print(Pcons[1][0]),Optimization problem solved. The objective value is: -26.111111111111114,"The energy consumption for participant 1 at time step 2 is 13. The objective value, which represents the net profit in this context, remains the same as the initial optimization result, -26.111111111111114. Since the value is negative, it indicates a profit of 26.111111111111114 euros. Thus, querying the energy consumption did not affect the optimization result."
What is the energy consumption for participant 2 at time step 3?,print(Pcons[2][1]),-26.111111111111114,print(Pcons[2][1]),Optimization problem solved. The objective value is: -26.111111111111114,"The energy consumption for participant 2 at time step 3 is 24 units.

Regarding the result of the optimization problem, it indicates a profit of 26.11 units. This value is obtained from the original problem without any additional constraints or changes in parameters. 
Therefore, the question regarding the energy consumption of participant 2 at time step 3 does not affect the profit outcome of the microgrid energy management problem."
What is the energy consumption for participant 3 at time step 1?,print(Pcons[0][2]),-26.111111111111114,print(Pcons[0][2]),Optimization problem solved. The objective value is: -26.111111111111114,"The energy consumption for participant 3 at time step 1 is 20 units. The optimization problem still remains feasible and the solution results in a profit of approximately 26.11 units. This is the same as the original scenario, indicating that querying the energy consumption did not affect the optimization solution or the profit."
What is the energy consumption for participant 3 at time step 3?,print(Pcons[2][2]),-26.111111111111114,print(Pcons[2][2]),Optimization problem solved. The objective value is: -26.111111111111114,"The energy consumption for participant 3 at time step 3 is displayed by the print statement. 

There is no change in the objective value of the optimization problem, which remains at a profit of 26.11. Hence, asking for the energy consumption of participant 3 at time step 3 does not impact the overall profit of the energy management system. 

No constraints were infeasible during the implementation of the task and neither were any bounds violated. Therefore, the problem was successfully resolved with the available resources."
What is the energy consumption for participant 4 at time step 1?,print(Pcons[0][3]),-26.111111111111114,print(Pcons[0][3]),Optimization problem solved. The objective value is: -26.111111111111114,The energy consumption for participant 4 at time step 1 is 25 units. The optimization problem is solved and the profit made is 26.111 euros. No constraints are violated in this solution.
What is the energy consumption for participant 4 at time step 2?,print(Pcons[1][3]),-26.111111111111114,print(Pcons[1][3]),Optimization problem solved. The objective value is: -26.111111111111114,"The energy consumption for participant 4 at time step 2 is 25 units, just as in the original scenario. As such, the profit remains the same as the original scenario, which is €26.11."
What would be the profit if the consumption decreases by 58%?,Pcons = Pcons*(100-58)/100,-41.36511111111112,Pcons = Pcons*(100-58)/100,Optimization problem solved. The objective value is: -41.36511111111112,"The initial profit for the community was 26.11 units. However, when the community's consumption decreases by 58%, the profit increased to 41.37 units. This means that reducing the community's consumption leads to a significant increase in profit. 

Please take note that if any constraints are violated due to changes in consumption, the problem might become infeasible. The solver will give us information about any violation, then we can adjust the parameters accordingly to obtain a feasible solution. 

As for this scenario, no constraints were violated so it is a valid solution."
What would be the profit if the consumption decreases by 87%?,Pcons = Pcons*(100-87)/100,-48.99211111111112,"Pcons = Pcons*(100-87)/100
model.optimize()
print(""Optimization problem solved. The objective value is: "", model.ObjVal)",Optimization problem solved. The objective value is: -48.99211111111112,"When the community's consumption decreases by 87%, the profit becomes 48.99 euros, which is an increase compared to the initial profit of 26.11 euros. Therefore, reducing consumption significantly increases the profit from the energy management of this microgrid community."
What would be the profit if the consumption decreases by 100%?,Pcons = Pcons*(100-100)/100,-52.41111111111112,Pcons = Pcons*0,Optimization problem solved. The objective value is: -52.41111111111112,"When the consumption decreases by 100%, the profit is 52.41. Comparing to the original profit which was 26.11, the profit has doubled as consumption reduced to zero. 

There is no violation in any constraints or bounds, the problem is feasible and bounded. 

So decreasing the consumption to zero leads to an increment in the profit. This is an expected result, considering the fact that a significant portion of the energy that was initially accounted for consumption is now available and generating profits."
What would be the profit if the consumption decreases by 53%?,Pcons = Pcons*(100-53)/100,-40.05011111111112,Pcons = Pcons*(100-53)/100,Optimization problem solved. The objective value is: -40.05011111111112,"The original profit of the community was €26.11. If the consumption decreases by 53%, the profit increases to €40.05. So the community makes more profit when the consumption decreases."
What would be the profit if the consumption decreases by 45%?,Pcons = Pcons*(100-45)/100,-37.946111111111115,Pcons = Pcons * (100 - 45)/100,Optimization problem solved. The objective value is: -37.946111111111115,"The original optimization problem resulted in a profit of approximately 26.11 euros. After decreasing the energy consumption by 45%, the profit increased to approximately 37.95 euros. This means reducing energy consumption leads to a significant increase in the microgrid's profit. It shows that being energy-efficient and managing the energy consume can lead to substantial cost-savings."
What would be the profit if the consumption increases by 55%?,Pcons = Pcons*(100+55)/100,-11.646111111111113,Pcons = Pcons*(100+55)/100,Optimization problem solved. The objective value is: -11.646111111111113,"When the community's power consumption increases by 55%, the profit decreases. Specifically, the profit changes from about 26.11€ to 11.65€. This result makes sense because higher consumption could lead to a higher need for power import or lower possibility for power export, both resulting in lower profit for the community."
What would be the profit if the consumption increases by 85%?,Pcons = Pcons*(100+85)/100,-3.7561111111111125,Pcons = Pcons*(100+85)/100,Optimization problem solved. The objective value is: -3.7561111111111125,"The profit increased by approximately 22.35 units when the consumption increased by 85%. The previous profit was about -26.11 units, whereas the new profit is approximately -3.76 units. This profit increase reflects the added value from additional consumption."
What would be the profit if the consumption increases by 13%?,Pcons = Pcons*(100+13)/100,-22.69211111111112,Pcons = Pcons*(100+13)/100,Optimization problem solved. The objective value is: -22.69211111111112,"When the community's consumption increase by 13%, the optimal profit decreases to 22.6921, compared to the original profit which was 26.1111. So, the increase in consumption led to a decrease in profit by approximately 13 percent. This is due to the fact that more energy must be devoted to consumption and less to export or storage, resulting in less potential for profit."
What would be the profit if the consumption increases by 35%?,Pcons = Pcons*(100+35)/100,-16.906111111111112,"# Increase the power consumption by 35%
Pcons = Pcons*(100+35)/100
model.update()
model.optimize()",Optimization problem solved. The objective value is: -16.906111111111112,"After increasing the power consumption by 35%, the optimization problem was solved. The new ""profit"" value is 16.91 euros. 

If we compare this to the original value which was 26.11 euros, we can clearly see that increased consumption resulted in a decrease in profit. 

This result highlights the fact that increasing consumption without proportionate increases in production or imports can result in less favorable financial outcomes. This is to be expected, as increased consumption often implies higher energy imports, which can raise costs."
What is the current energy load for participant 1?,print(Pcons[len(Pprod)-1][0]),-26.111111111111114,print(Pcons[len(Pcons)-1][0]),Optimization problem solved. The objective value is: -26.111111111111114,The current energy load for participant 1 is pulled directly from the array of energy consumption values (Pcons). Please note that this value is subjected to the last solved optimization problem and it can change if the optimization problem is solved again with different parameters.
What is the current energy load for participant 2?,print(Pcons[len(Pprod)-1][1]),-26.111111111111114,print(Pcons[len(Pcons)-1][1]),Optimization problem solved. The objective value is: -26.111111111111114,The current energy load for participant 2 is calculated and remains unchanged as no new constraint or condition is added to alter the participant's energy load. The optimization of the microgrid energy management scenario still provides the same profit of 26.111111111111114 euro.
What is the current energy load for participant 4?,print(Pcons[len(Pprod)-1][3]),-26.111111111111114,print(Pcons[len(Pcons)-1][3]),Optimization problem solved. The objective value is: -26.111111111111114,The current energy load for participant 4 is 25 units. The optimization problem was solved and the profit obtained was 26.11 euros.
What is the energy load for participant 1 at time step 3?,print(Pcons[2][0]),-26.111111111111114,print(Pcons[2][0]),Optimization problem solved. The objective value is: -26.111111111111114,"The energy load for participant 1 at timestep 3 is 25 units. The optimization problem was solved successfully with a profit of 26.11 units (since the value is negative, it implies profit). This profit remains unchanged compared to the original scenario, indicating that querying the energy load did not affect the system profitability."
What is the energy load for participant 2 at time step 2?,print(Pcons[1][1]),-26.111111111111114,print(Pcons[1][1]),Optimization problem solved. The objective value is: -26.111111111111114,"The energy load for participant 2 at time step 2 is 24. 

This does not affect the profit from the microgrid energy management, which remains €26.11."
What is the energy load for participant 2 at time step 3?,print(Pcons[2][1]),-26.111111111111114,print(Pcons[2][1]),Optimization problem solved. The objective value is: -26.111111111111114,The energy load for participant 2 at time step 3 is 20. The objective function's result shows that the community will make a profit of 26.11 euros. This is calculated by subtracting the cost of any imported energy from the revenue gained by exporting energy.
What is the energy load for participant 3 at time step 3?,print(Pcons[2][2]),-26.111111111111114,print(Pcons[2][2]),Optimization problem solved. The objective value is: -26.111111111111114,"The energy load for participant 3 at time step 3 is 20 units. Since there were no changes in the system configurations or requirements and the optimization problem was already solved in the beginning, the solution remains the same with the profit being approximately 26.11 euros. Please note that a negative profit implies a cost, while a positive one implies profit. In this case, it's a profit."
What is the energy load for participant 4 at time step 1?,print(Pcons[0][3]),-26.111111111111114,print(Pcons[0][3]),Optimization problem solved. The objective value is: -26.111111111111114,"At time step 1, the energy load for participant 4 is 25 units. The model optimization result shows that the community would make a profit of 26.11 euros under this condition."
What would be the profit if the community load decreases by 35%?,Pcons = Pcons*(100-35)/100,-35.31611111111112,Pcons = Pcons*(100-35)/100,Optimization problem solved. The objective value is: -35.31611111111112,"The new profit after decreasing the community load by 35% is 35.316 Euro. That is an increase in profit compared to the original objective value of 26.111 Euro. This increase can be attributed to the reduction in energy consumption, which leads to lower costs for energy import and potentially more power to sell back to the grid."
What would be the profit if the community load decreases by 25%?,Pcons = Pcons*(100-25)/100,-32.68611111111112,Pcons = Pcons*(100-25)/100,Optimization problem solved. The objective value is: -32.68611111111112,"The energy management model was able to solve the optimization problem. Upon reducing the community load by 25%, the profit increased from around 26.11 to 32.69. This suggests that a reduction in load leads to an increase in the community's profit."
What would be the profit if the community load decreases by 48%?,Pcons = Pcons*(100-48)/100,-38.735111111111124,"Pcons = Pcons*(100-48)/100
model.optimize()",Optimization problem solved. The objective value is: -38.735111111111124,"After running the model with the new condition where community load decreases by 48%, the profit generated is 38.73 which is improved from the original profit 26.11.
This means by reducing the community load, the community can gain more profit."
What would be the profit if the community load decreases by 34%?,Pcons = Pcons*(100-34)/100,-35.05311111111112,"Pcons = Pcons*(100-34)/100
model.update()
model.optimize()",Optimization problem solved. The objective value is: -35.05311111111112,"After decreasing the community load by 34%, the new profit is € 35.053. This is an improvement from the initial profit of € 26.111. The changes in community load played a role in enhancing profit margins, demonstrating the importance of energy management to maximize the profitability of microgrid utilisation."
What would be the profit if the community load increases by 38%?,Pcons = Pcons*(100+38)/100,-16.117111111111114,Pcons = Pcons*(100+38)/100,Optimization problem solved. The objective value is: -16.117111111111114,"By increasing the community's load by 38%, the new profit is 16.117, which is decreased from the original profit of 26.111. This is because increasing the load leads to higher energy consumption and hence cost."
What would be the profit if the community load increases by 98%?,Pcons = Pcons*(100+98)/100,-0.33711111111111036,"Pcons = Pcons*(100+98)/100
model.optimize()",Optimization problem solved. The objective value is: -0.33711111111111036,"Initially, the profit from managing the microgrid was 26.11 units. However, when the community's load increases by 98%, the profit decreases significantly to 0.34 units. This is because an increase in load results in the need for more energy to be imported or generated, which increases the cost. Thus, the optimization aims to minimize this cost, and the resultant decrease in profit reflects this objective."
What would be the profit if the community load increases by 58%?,Pcons = Pcons*(100+58)/100,-10.857111111111111,Pcons = Pcons*(100+58)/100,Optimization problem solved. The objective value is: -10.857111111111111,"When the community load increases by 58%, the profit of the system decreases to €10.86. This is an expected result as an increase in load leads to higher energy consumption which, in turn, leads to higher costs and thus reduced profits."
What would be the profit if the community load increases by 15%?,Pcons = Pcons*(100+15)/100,-22.16611111111112,Pcons = Pcons*(100+15)/100,Optimization problem solved. The objective value is: -22.16611111111112,"When the community load increases by 15%, the profit of the community is €22.17, which is more profitable compared to the original profit of €26.11. This is because an increase in load consumption suggests a greater demand for energy, which implies more power is being sold, thus resulting in a higher profit for the community."
