Question,GT Code,GT Objective Value,SGP Code,SGP Objective Value,SGP Interpretation
What would happen if prosumer 2 shifts 65% of their load at timestep 2 to timestep 2+1,Pcons[1][1] = Pcons[1][1]*(100-65)/100 \nPcons[1+1][1] = Pcons[1+1][1] + Pcons[1][1]* 65/100,-27.211111111111116,"Pcons[1][1] = Pcons[1][1]*(100-65)/100 
Pcons[1+1][1] = Pcons[1+1][1] + Pcons[1][1]*65/100",Optimization problem solved. The objective value is: -27.211111111111116,
What would happen if prosumer 2 shifts 44% of their load at timestep 1 to timestep 1+1,Pcons[0][1] = Pcons[0][1]*(100-44)/100 \nPcons[0+1][1] = Pcons[0+1][1] + Pcons[0][1]* 44/100,-26.81111111111111,"Pcons[0][1] = Pcons[0][1] * (100 - 44) / 100
Pcons[1][1] = Pcons[1][1] + Pcons[0][1] * 44 / 100",,Sorry. I cannot answer your question.
What would happen if prosumer 3 shifts 27% of their load at timestep 1 to timestep 1+1,Pcons[0][2] = Pcons[0][2]*(100-27)/100 \nPcons[0+1][2] = Pcons[0+1][2] + Pcons[0][2]* 27/100,-26.41111111111112,"# Adjust the load at timestep 1
Pcons[0][2] = Pcons[0][2] * (100 - 27) / 100
# Distribute the shifted load to the next timestep (timestep 1+1)
Pcons[1][2] = Pcons[1][2] + Pcons[0][2] * 27 / 100",,Sorry. I cannot answer your question.
What would happen if prosumer 2 changes 26% of their load at timestep 2 to timestep 2+1,Pcons[1][1] = Pcons[1][1]*(100-26)/100 \nPcons[1+1][1] =Pcons[1+1][1] + Pcons[1][1]*26/100,-26.41111111111112,"Pcons[1][1] = Pcons[1][1] * (100 - 26) / 100 
Pcons[2][1] = Pcons[2][1] + Pcons[1][1] * 26 / 100",Optimization problem solved. The objective value is: -26.41111111111112,"The new objective value obtained after changing 26% of prosumer 2's load at timestep 2 to timestep 2+1 is -26.4111. This is a slightly higher cost compared to the original objective value of -26.1111. Therefore, the modification led to a worse outcome in terms of cost.

Please note that the negative objective value represents a profit, and the positive objective value reflects a cost."
What would happen if prosumer 3 changes 12% of their load at timestep 2 to timestep 2+1,Pcons[1][2] = Pcons[1][2]*(100-12)/100 \nPcons[1+1][2] =Pcons[1+1][2] + Pcons[1][2]*12/100,-26.211111111111116,"Pcons[1][2] = Pcons[1][2]*(100-12)/100
Pcons[2][2] = Pcons[2][2] + Pcons[1][2]*12/100",Optimization problem solved. The objective value is: -26.211111111111116,"The updated solution to the optimization problem yields an objective value of -26.21. 

Comparing this to the original result of -26.11, we can observe a slight decrease in the profit. This indicates that making the specified changes to the load of prosumer 3 at timestep 2 has resulted in a slightly lower profit for the community.

Given that the objective value is negative, it reflects a profit for the community.

If the optimization problem is infeasible, it may be due to specific constraints being violated. In this scenario, a feasibility issue was not encountered.

Overall, the updated formulation has resulted in a small change in the community's profit, indicating a subtle impact of the load adjustment made to prosumer 3 at timestep 2."
What would happen if prosumer 4 changes 81% of their load at timestep 2 to timestep 2+1,Pcons[1][3] = Pcons[1][3]*(100-81)/100 \nPcons[1+1][3] =Pcons[1+1][3] + Pcons[1][3]*81/100,-27.91111111111112,"Pcons[1][3] = Pcons[1][3]*(100-81)/100
Pcons[1+1][3] = Pcons[1+1][3] + Pcons[1][3]*81/100",Optimization problem solved. The objective value is: -26.211111111111116,Sorry. I cannot answer your question.
What would happen if prosumer 1 changes 83% of their electric car load at timestep 1 to timestep 1+1,Pcons[0][0] = Pcons[0][0]*(100-83)/100 \nPcons[0+1][0] =Pcons[0+1][0] + Pcons[0][0]*83/100,-27.01111111111112,I understand the issue. Let me correct the code and provide you with a new code snippet. Thank you for your patience.,"invalid syntax (<string>, line 54)",Sorry. I cannot answer your question.
What would happen if prosumer 2 changes 57% of their electric car load at timestep 1 to timestep 1+1,Pcons[0][1] = Pcons[0][1]*(100-57)/100 \nPcons[0+1][1] =Pcons[0+1][1] + Pcons[0][1]*57/100,-27.31111111111111,"# Update the load for prosumer 2 at timestep 1 and timestep 2
Pcons[0][1] = Pcons[0][1] * (1 - 0.57)  # Update load at timestep 1
Pcons[1][1] = Pcons[1][1] + Pcons[0][1] * 0.57  # Update load at timestep 2",Optimization problem solved. The objective value is: -27.31111111111111,"The optimization problem has been solved with a resulting objective value of -27.31111111111111. 

Comparing this to the original objective value of -26.111111111111114, we observe a decrease in the objective value. Given that the objective value represents a profit in this context, the decrease signifies a lower profit realized in the new solution compared to the original solution.

If you encounter any infeasibility issues or unbounded constraints in the future, please feel free to share the specific details for further analysis."
What would happen if prosumer 3 changes 100% of their electric car load at timestep 2 to timestep 2+1,Pcons[1][2] = Pcons[1][2]*(100-100)/100 \nPcons[1+1][2] =Pcons[1+1][2] + Pcons[1][2]*100/100,-28.111111111111114,"# Update the energy consumption for prosumer 3 at timestep 2+1
Pcons[2][2] = Pcons[2][2] * 0  # Change 100% of their electric car load to timestep 2+1",Optimization problem solved. The objective value is: -27.31111111111111,Sorry. I cannot answer your question.
What's the new cost of the community if prosumer 1 shifts 67% of their load at timestep 2 to timestep 2+1,Pcons[1][0] = Pcons[1][0]*(100-67)/100 \nPcons[1+1][0] =Pcons[1+1][0] + Pcons[1][0]*67/100,-26.811111111111117,"# Update the load of prosumer 1 at timestep 2 and timestep 2+1
Pcons[1][0] = Pcons[1][0] * (100 - 67) / 100
Pcons[2][0] += Pcons[1][0] * 67 / 100",Optimization problem solved. The objective value is: -26.811111111111117,"The new cost for the community, after prosumer 1 shifts 67% of their load from timestep 2 to timestep 2+1, is -26.811. 

Comparing with the original result of -26.111, the new cost represents a slight increase, indicating a higher overall cost for the community under the modified conditions."
What's the new cost of the community if prosumer 4 shifts 30% of their load at timestep 1 to timestep 1+1,Pcons[0][3] = Pcons[0][3]*(100-30)/100 \nPcons[0+1][3] =Pcons[0+1][3] + Pcons[0][3]*30/100,-26.41111111111111,"Pcons[0][3] = Pcons[0][3]*(100-30)/100 
Pcons[0+1][3] = Pcons[0+1][3] + Pcons[0][3]*30/100",Optimization problem solved. The objective value is: -26.41111111111111,"The optimization problem has been solved, and the new objective value is -26.4111. 

Comparing this to the original result of -26.1111, we can observe a slight decrease in the objective value, indicating a slightly lower profit. 

This means that the newer plan - with prosumer 4 shifting 30% of their load at timestep 1 to timestep 1+1 - results in a slightly lower profit compared to the original plan.

The objective value being negative reflects a profit, and the slight decrease in the objective value reflects a slightly lower profit."
What's the new cost of the community if prosumer 3 shifts 31% of their load at timestep 2 to timestep 2+1,Pcons[1][2] = Pcons[1][2]*(100-31)/100 \nPcons[1+1][2] =Pcons[1+1][2] + Pcons[1][2]*31/100,-26.41111111111112,"Pcons[1][2] = Pcons[1][2]*(100-31)/100
Pcons[1+1][2] = Pcons[1+1][2] + Pcons[1][2]*31/100",Optimization problem solved. The objective value is: -26.41111111111112,"The optimization problem was solved, and the objective value obtained is -26.41. 

Comparing this with the original result of -26.11, it shows a slight decrease in the objective value. 

As it is a negative value, it reflects a profit. Therefore, the community experiences a profit with the new adjustments."
What's the new state of battery of prosumer 3 if the prosumer shifts 30% of their load at timestep 1 to timestep 1+1,Pcons[0][2] = Pcons[0][2]*(100-30)/100 \nPcons[0+1][2] =Pcons[0+1][2] + Pcons[0][2]*30/100,-26.311111111111117,"# Update the load of prosumer 3 and calculate the new state of energy
Pcons[0][3] = Pcons[0][3]*(100-30)/100
Pcons[0+1][3] = Pcons[0+1][3] + Pcons[0][3]*30/100",Optimization problem solved. The objective value is: -26.41111111111111,"The new objective value for the optimization problem is -26.4111, compared to the original value of -26.1111. Since the new value is slightly lower, it represents an improved profit.

It's important to note that a negative objective value in optimization problems reflects a profit.

Therefore, the community can expect a slightly improved profit based on the new changes to the state of energy for prosumer 3.

There seem to be no infeasible or unbounded conditions in this problem, as the objective value -26.4111 indicates a feasible and bounded solution."
What's the new state of battery of prosumer 4 if the prosumer shifts 59% of their load at timestep 1 to timestep 1+1,Pcons[0][3] = Pcons[0][3]*(100-59)/100 \nPcons[0+1][3] =Pcons[0+1][3] + Pcons[0][3]*59/100,-27.111111111111114,"Pcons[0][3] = Pcons[0][3]*(100-59)/100
Pcons[1][3] = Pcons[1][3] + Pcons[0][3]*59/100",Optimization problem solved. The objective value is: -27.111111111111114,"The optimization problem has been solved, and the new objective value is -27.111111111111114. Comparing this to the original result of -26.111111111111114, we see that the new objective value reflects a slightly higher cost.

This indicates that the changes made have resulted in a slightly higher cost for the community."
What's the new state of battery of prosumer 2 if the prosumer shifts 25% of their load at timestep 2 to timestep 2+1,Pcons[1][1] = Pcons[1][1]*(100-25)/100 \nPcons[1+1][1] =Pcons[1+1][1] + Pcons[1][1]*25/100,-26.311111111111117,"Pcons[1][1] = Pcons[1][1]*(100-25)/100 
Pcons[1+1][1] += Pcons[1][1]*25/100",Optimization problem solved. The objective value is: -26.311111111111117,"The optimization problem has been solved, and the objective value obtained is -26.31. This negative objective value indicates a profit for the microgrid energy management system, which means the system is operating at a net gain.

Comparing this result to the original objective value of -26.11, the new solution represents a slightly lower profit, indicating a slightly less favorable outcome for the system.

If you need further assistance or have any specific questions, feel free to ask!"
What's the new state of battery of the community if prosumer 4 shifts 65% of their load at timestep 2 to timestep 2+1,Pcons[1][3] = Pcons[1][3]*(100-65)/100 \nPcons[1+1][3] =Pcons[1+1][3] + Pcons[1][3]*65/100,-27.311111111111117,"# Change the state of battery of prosumer 4 if they shift 65% of their load from timestep 2 to timestep 2+1
Pcons[1][3] = Pcons[1][3] * (100 - 65) / 100 
Pcons[1+1][3] = Pcons[1+1][3] + Pcons[1][3] * 65 / 100",Optimization problem solved. The objective value is: -26.311111111111117,Sorry. I cannot answer your question.
What's the new state of battery of the community if prosumer 3 shifts 30% of their load at timestep 2 to timestep 2+1,Pcons[1][2] = Pcons[1][2]*(100-30)/100 \nPcons[1+1][2] =Pcons[1+1][2] + Pcons[1][2]*30/100,-26.311111111111117,"Pcons[1][2] = Pcons[1][2]*(100-30)/100
Pcons[1+1][2] += Pcons[1][2]*30/100",Optimization problem solved. The objective value is: -26.311111111111117,"The original objective value was -26.111111111111114, and the new result is: -26.311111111111117. Comparing these two outcomes, the new result indicates a slightly lower profit (as it is still negative, reflecting a profit) in comparison to the original result.

The objective value reflects the overall cost or profit. Since the result is negative, indicating a profit for the community, it's important to continue seeking improvements in the optimization to achieve a higher level of profitability."
What's the new state of battery of the community if prosumer 3 shifts 54% of their load at timestep 1 to timestep 1+1,Pcons[0][2] = Pcons[0][2]*(100-54)/100 \nPcons[0+1][2] =Pcons[0+1][2] + Pcons[0][2]*54/100,-26.811111111111117,"# Calculate the new state of battery of the community if prosumer 3 shifts 54% of their load at timestep 1 to timestep 1+1
Pcons[0][2] = Pcons[0][2] * (100-54) / 100
Pcons[1][2] = Pcons[1][2] + Pcons[0][2] * 54 / 100",Optimization problem solved. The objective value is: -26.311111111111117,Sorry. I cannot answer your question.
What's the new state of battery of the community if prosumer 1 shifts 100% of their load at 1 pm to 3 pm,Pcons[0][0] = Pcons[0][0]*(100-100)/100 \nPcons[2][0] =Pcons[2][0] + Pcons[0][0]*100/100,-27.11111111111112,"Pcons[0][0] = Pcons[0][0]*(100-100)/100 
Pcons[1][0] = Pcons[1][0] + Pcons[0][0] * 100/100",Optimization problem solved. The objective value is: -26.311111111111117,Sorry. I cannot answer your question.
What's the new state of battery of the community if prosumer 3 shifts 29% of their load at 1 pm to 3 pm,Pcons[0][2] = Pcons[0][2]*(100-29)/100 \nPcons[2][2] =Pcons[2][2] + Pcons[0][2]*29}/100,-26.311111111111117,"# Update the community load if prosumer 3 shifts 29% of their load at 1 pm to 3 pm
Pcons[0][2] = Pcons[0][2]*(100-29)/100 
Pcons[2][2] = Pcons[2][2] + Pcons[0][2]*29/100",Optimization problem solved. The objective value is: -26.311111111111117,"The optimization problem has been solved, and the objective value obtained is -26.311111111111117.

Comparing this with the original objective value of -26.111111111111114, we can see that the new value reflects a slightly higher cost, or lower profit.

It's important to note that a negative objective value indicates a profit, and a positive objective value indicates a cost.

Since the objective value is negative, it represents a profit, but the magnitude has increased slightly from the original value.

No specific constraints have been mentioned as violated, and the problem is not unbounded. Therefore, the solution is feasible."
What's the new state of battery of the community if prosumer 2 shifts 10% of their load at 2 pm to 3 pm,Pcons[1][1] = Pcons[1][1]*(100-10)/100 \nPcons[2][1] =Pcons[2][1] + Pcons[1][1]*10/100,-26.211111111111116,"Pcons[1][1] = Pcons[1][1]*(100-10)/100 
Pcons[2][1] = Pcons[2][1] + Pcons[1][1]*10/100",Optimization problem solved. The objective value is: -26.211111111111116,"The optimization problem has been solved, and the objective value obtained is -26.211. 

In the context of this microgrid energy management problem, the negative objective value indicates a profit. When comparing this to the original result of -26.111, the new objective value represents a slightly lower profit. 

This difference in profit can be attributed to the changes made in the community's load distribution, specifically the shift of 10% of prosumer 2's load from 2pm to 3pm. This resulted in a slightly lower overall profit compared to the original setup.

Overall, the optimization problem has been successfully solved, and the new objective value indicates a profit, although slightly lower than the original result."
What's the new state of battery of the community if prosumer 4 shifts 47% of their load at 2 pm to 3 pm,Pcons[1][3] = Pcons[1][3]*(100-47)/100 \nPcons[2][3] =Pcons[2][3] + Pcons[1][3]*47/100,-26.71111111111112,"# Update the community load if prosumer 4 shifts 47% of their load at 2 pm to 3 pm
Pcons[1][3] = Pcons[1][3] * (100 - 47) / 100
Pcons[2][3] += Pcons[1][3] * 47 / 100",Optimization problem solved. The objective value is: -26.71111111111112,"The optimization problem yielded an objective value of 26.71111111111112, which represents a cost. This means that the change in the state of the battery due to prosumer 4 shifting 47% of their load from 2 pm to 3 pm resulted in an increased cost for the community.

Comparing it to the original objective value of -26.111111111111114, it's evident that the updated state of the battery incurred an additional cost to the community."
What's the new state of battery of the community if prosumer 2 shifts 6% of their load at 2 pm to 3 pm,Pcons[1][1] = Pcons[1][1]*(100-6)/100 \nPcons[2][1] =Pcons[2][1] + Pcons[1][1]*6/100,-26.21111111111112,"Pcons[1][1] = Pcons[1][1]*(100-6)/100 
Pcons[2][1] = Pcons[2][1] + Pcons[1][1]*6/100",Optimization problem solved. The objective value is: -26.21111111111112,"The optimization problem has been solved and the objective value is -26.21111111111112. 

This new objective value indicates a negative profit, but slightly lower than the original objective value of -26.111111111111114.

There is no constraint violation, infeasibility, or unbounded situation."
